value,true_component
4.7199,1
3.1098,1
3.6969,1
2.9319,1
-2.1363,0
2.0646,1
3.5164,1
1.9782,1
-1.4675,0
4.3023,1
3.4398,1
2.6565,1
3.5448,1
2.6296,1
4.1227,1
-3.4651,0
2.5973,1
-3.5926,0
1.2059,1
4.6366,1
4.0742,1
2.1366,1
1.197,1
-0.5574,1
2.3478,1
-0.0637,0
3.5219,1
-2.4477,0
-1.6279,0
1.1268,1
2.6432,1
3.1194,1
-2.0689,0
3.949,1
3.4136,1
-1.4653,0
-2.5507,0
4.0774,1
-0.6969,0
1.8358,1
1.9348,1
4.6029,1
2.7704,1
-0.8769,0
2.469,1
4.7461,1
3.1578,1
-1.7934,0
4.8777,1
-2.2894,0
-2.7529,0
-2.3589,0
3.5428,1
1.1211,1
3.765,1
2.3535,1
4.3774,1
0.1269,1
-2.6293,0
-3.3492,0
2.0085,1
3.2972,1
2.7849,1
2.6959,1
2.809,1
3.2441,1
1.7898,1
-1.4345,0
-1.4699,0
3.462,1
-1.5548,0
3.3557,1
5.4421,1
-2.0697,0
-2.2457,0
-2.6028,0
-2.8258,0
1.5066,1
1.9334,1
2.9152,1
3.4012,1
3.0614,1
2.0814,1
-1.2799,0
-1.4085,0
-2.1277,0
2.2165,1
3.6581,1
-1.8496,0
1.2622,1
-2.0544,0
3.3144,1
1.9204,1
3.2278,1
-3.1639,0
4.6034,1
4.4975,1
-2.202,0
-1.7092,0
0.1081,1
1.6124,1
2.6475,1
-2.8577,0
3.8573,1
5.3968,1
1.5881,1
1.995,1
-1.8116,0
-0.7111,0
1.5332,1
3.2988,1
-0.543,0
-3.3214,0
1.4627,1
-2.3389,0
2.3753,1
3.9751,1
3.29,1
0.87,1
3.6185,1
2.307,1
4.5293,1
-2.5021,0
2.2361,1
-1.5671,0
3.9155,1
-1.6415,0
-3.3485,0
-1.5696,0
1.7588,1
-1.8118,0
1.2915,1
3.5356,1
-2.6453,0
1.4608,1
-1.4289,0
3.29,1
2.2632,1
4.7414,1
-2.3525,0
3.0385,1
3.3227,1
2.2564,1
3.5654,1
2.3599,1
-2.3293,0
-0.9099,0
1.7513,1
0.1047,1
-0.7113,0
6.0592,1
2.5137,1
-3.5495,0
2.6274,1
-2.229,0
2.7721,1
-2.8907,0
3.6955,1
3.6294,1
1.2067,1
-1.4406,0
5.4632,1
-1.8624,0
-2.2699,0
2.8296,1
3.7383,1
0.9232,1
3.1973,1
-2.3124,0
5.2174,1
-2.1393,0
5.0015,1
-2.883,0
3.7047,1
-1.7445,0
-2.6952,0
3.2129,1
4.455,1
2.6114,1
0.9696,1
2.9789,1
1.9171,1
2.5892,1
-2.0653,0
0.9532,1
1.0612,1
3.5785,1
-2.4182,0
-0.0777,1
-1.3721,0
3.3268,1
-2.5711,0
-3.0535,0
4.003,1
-1.7205,0
-0.0939,0
3.5042,1
3.4652,1
-2.1335,0
-1.3466,0
3.7501,1
4.5021,1
2.3744,1
-2.3483,0
-2.3833,0
-1.3674,0
-0.8013,0
2.4494,1
-2.3398,0
3.3769,1
2.7051,1
4.1425,1
-3.8014,0
2.008,1
2.0611,1
0.2156,1
-2.7709,0
-2.7321,0
2.7587,1
4.3356,1
-2.196,0
1.763,1
2.9317,1
4.259,1
-2.7808,0
1.9073,1
-1.5532,0
2.7342,1
3.777,1
-2.0109,0
-1.4387,0
1.7579,1
2.9855,1
2.7472,1
1.5409,1
1.1238,1
3.8229,1
2.5789,1
-2.8178,0
-2.0769,0
4.3536,1
0.2631,1
-3.1973,0
1.8925,1
4.7534,1
3.3391,1
3.9208,1
1.6318,1
1.6566,1
3.5374,1
3.0699,1
3.6585,1
2.7748,1
-1.7775,0
-1.8735,0
3.9333,1
3.9684,1
-3.2959,0
-3.7978,0
4.2021,1
-1.0498,0
1.7753,1
-3.4879,0
-1.9208,0
4.117,1
-0.5619,0
-1.587,0
-2.2974,0
-2.7145,0
-1.9908,0
-2.2394,0
-2.8121,0
-0.361,0
5.1422,1
4.3633,1
1.895,1
-1.316,0
3.7676,1
3.5311,1
4.4996,1
-1.4917,0
-1.408,0
-1.4905,0
-1.7274,0
0.8597,1
3.1003,1
-2.445,0
1.4642,1
5.0182,1
-0.6168,0
4.6311,1
-1.7958,0
4.6208,1
-1.9904,0
3.2434,1
1.6878,1
3.4764,1
3.0725,1
1.4368,1
2.9386,1
2.9043,1
-0.562,0
4.0731,1
3.0137,1
3.2985,1
3.0531,1
2.7565,1
1.7011,1
-2.1208,0
-2.5969,0
1.4996,1
3.6135,1
-1.687,0
0.856,1
2.8528,1
-1.2034,0
4.2711,1
4.231,1
-1.9689,0
1.9859,1
1.6996,1
3.4135,1
-1.6966,0
4.5448,1
4.32,1
2.8413,1
1.507,1
2.6171,1
3.2607,1
-2.1617,0
2.3065,1
-1.7977,0
2.3953,1
2.2463,1
-1.7508,0
2.5176,1
-1.8047,0
3.3278,1
-2.9115,0
2.4225,1
-0.8498,0
1.6055,1
0.46,1
0.7658,1
3.0349,1
3.0371,1
2.8589,1
-1.0286,0
-0.2074,1
-1.6833,0
4.8737,1
-2.9022,0
2.5442,1
2.0965,1
1.9268,1
2.6085,1
4.713,1
5.2049,1
2.5969,1
5.2861,1
3.0427,1
-0.597,0
-2.0746,0
-1.8952,0
3.4386,1
6.8146,1
4.0215,1
2.1513,1
-1.2248,0
2.5658,1
2.4123,1
-1.2731,0
3.0373,1
-1.7771,0
-1.9888,0
-1.7307,0
3.51,1
0.6756,1
3.7999,1
1.8216,1
1.2692,1
2.9299,1
3.1008,1
2.1678,1
3.9972,1
1.3894,1
2.5117,1
2.2982,1
-2.0373,0
3.3346,1
1.7905,1
-1.4206,0
3.0756,1
0.7297,1
-3.5669,0
2.9852,1
2.7348,1
-2.0827,0
2.9664,1
3.2707,1
-1.2419,0
1.6667,1
1.5936,1
-2.8747,0
3.3467,1
4.4939,1
-2.3451,0
-0.002,1
-3.3632,0
2.0004,1
2.3307,1
2.5099,1
-1.9691,0
2.6259,1
-1.1605,0
-2.5408,0
-2.6899,0
3.5747,1
-3.2285,0
3.4676,1
3.1231,1
-2.118,0
-0.7294,0
-2.4978,0
5.4724,1
2.7295,1
-3.0216,0
3.0839,1
-2.861,0
2.0979,1
3.4764,1
3.6667,1
2.2534,1
4.1849,1
-1.074,0
-0.851,0
-1.5765,0
4.6361,1
0.743,1
2.6185,1
1.9596,1
-1.9046,0
2.3143,1
-2.1329,0
-0.4943,0
2.7963,1
3.4966,1
2.7213,1
-1.9394,0
3.0072,1
-1.6413,0
4.3984,1
4.9769,1
-1.7523,0
-1.5284,0
-2.9207,0
2.8945,1
4.1283,1
4.0392,1
3.2539,1
4.0637,1
-1.6074,0
4.4404,1
-1.7685,0
2.5732,1
3.403,1
-0.5167,1
3.4595,1
-4.9187,0
0.9318,1
3.5421,1
3.573,1
-2.9299,0
-2.5697,0
-0.9036,0
-2.3872,0
5.6915,1
2.9977,1
3.4896,1
4.9402,1
3.1572,1
-2.8019,0
2.8683,1
-2.0285,0
-3.0918,0
2.693,1
2.1094,1
-1.2605,0
3.0415,1
2.6606,1
2.8726,1
3.2677,1
3.7402,1
-2.7998,0
1.7501,1
4.3256,1
2.5052,1
1.2998,1
3.5326,1
3.556,1
